identifiant;nomPrenom;filiere;poste;clubs
et1;Ahmed Tr;GI;P;c1
et2;Salah AA;GI;M;c1%c2
et3;Amira BB;GI;M;c3
et4;Aymen AA;GI;RA;c1
et5;Achgi CC;GI;S;c3
et6;Anouar BN;LcI;P;c3
et7;Kalil SS;GIndus;P;c6
et8;Naima NN;LcI;S;c3
et9;Wiem BI;LcI;RA;c3
et10;Mohamed AL;LcI;RA;c2
et11;Manel AM;GI;M;c1%c2%c4
et12;Bachir BH;GIndus;RA;c6
et13;Mahmoud N;GIndus;M;c2%c6
et14;Asma BS;GIndus;S;c6
et15;Mabrouk B;GI;P;c4
et16;Karima L;GI;P;c2
et17;Malika K;LcI;RA;c4
et18;Molka M;LcI;P;c5
et19;Karim L;LcI;RA;c5
et20;Maria J;LcI;S;c5
